{
    "root_group": {
        "name": "",
        "path": "",
        "id": "d41d8cd98f00b204e9800998ecf8427e",
        "groups": {},
        "checks": {
                "loginClickAndDraftToFlowApprovedAndReturn / loginFlow": {
                    "name": "loginClickAndDraftToFlowApprovedAndReturn / loginFlow",
                    "path": "::loginClickAndDraftToFlowApprovedAndReturn / loginFlow",
                    "id": "ef69d574d5d6ed67ce416742656c4f33",
                    "passes": 1,
                    "fails": 0
                },
                "loginClickAndDraftToFlowApprovedAndReturn / clickSomeThing": {
                    "name": "loginClickAndDraftToFlowApprovedAndReturn / clickSomeThing",
                    "path": "::loginClickAndDraftToFlowApprovedAndReturn / clickSomeThing",
                    "id": "966cb81b08a92ea005190d4369003ec9",
                    "passes": 1,
                    "fails": 0
                },
                "loginClickAndDraftToFlowApprovedAndReturn / draftToFlowApprovedAndReturn": {
                    "name": "loginClickAndDraftToFlowApprovedAndReturn / draftToFlowApprovedAndReturn",
                    "path": "::loginClickAndDraftToFlowApprovedAndReturn / draftToFlowApprovedAndReturn",
                    "id": "6c0ee978ed349a6a0f9d1ef2bf266de8",
                    "passes": 1,
                    "fails": 0
                }
            }
    },
    "metrics": {
        "browser_web_vital_lcp": {
            "p(95)": 3133,
            "avg": 1598.6666666666667,
            "min": 348,
            "med": 1392,
            "max": 3628,
            "p(90)": 2638
        },
        "browser_data_sent": {
            "count": 246600,
            "rate": 4361.792929664551
        },
        "browser_web_vital_cls": {
            "avg": 0.053771416752426714,
            "min": 0.020802629841698544,
            "med": 0.05071673244900173,
            "max": 0.08979488796657986,
            "p(90)": 0.08197925686306423,
            "p(95)": 0.08588707241482205
        },
        "browser_web_vital_ttfb": {
            "avg": 217.7999999863761,
            "min": 12.800000190734863,
            "med": 197.2000002861023,
            "max": 645.3999996185303,
            "p(90)": 422.0799997329713,
            "p(95)": 533.7399996757505
        },
        "browser_http_req_duration": {
            "p(90)": 317.74580000000003,
            "p(95)": 462.30204999999944,
            "avg": 125.04973966942144,
            "min": 0.059,
            "med": 48.902,
            "max": 1398.119
        },
        "browser_web_vital_inp": {
            "avg": 40,
            "min": 32,
            "med": 40,
            "max": 48,
            "p(90)": 46.4,
            "p(95)": 47.2
        },
        "browser_web_vital_fcp": {
            "avg": 1096.6666666666667,
            "min": 344,
            "med": 884,
            "max": 2864,
            "p(90)": 2060,
            "p(95)": 2462
        },
        "data_received": {
            "count": 0,
            "rate": 0
        },
        "browser_web_vital_fid": {
            "avg": 0.8200000762939453,
            "min": 0.5,
            "med": 0.8000001907348633,
            "max": 1.1000003814697266,
            "p(90)": 1.0200000762939454,
            "p(95)": 1.060000228881836
        },
        "data_sent": {
            "count": 0,
            "rate": 0
        },
        "checks": {
            "passes": 3,
            "fails": 0,
            "value": 1
        },
        "iteration_duration": {
            "p(90)": 55668.184,
            "p(95)": 55668.184,
            "avg": 55668.184,
            "min": 55668.184,
            "med": 55668.184,
            "max": 55668.184
        },
        "vus": {
            "value": 1,
            "min": 1,
            "max": 1
        },
        "iterations": {
            "count": 1,
            "rate": 0.01768772477560645
        },
        "browser_data_received": {
            "count": 55699691,
            "rate": 985200.8044943236
        },
        "browser_http_req_failed": {
            "passes": 1,
            "fails": 241,
            "value": 0.004132231404958678
        },
        "vus_max": {
            "value": 1,
            "min": 1,
            "max": 1
        }
    }
}