{
    "root_group": {
        "name": "",
        "path": "",
        "id": "d41d8cd98f00b204e9800998ecf8427e",
        "groups": {},
        "checks": {
                "loginClick / loginFlow": {
                    "name": "loginClick / loginFlow",
                    "path": "::loginClick / loginFlow",
                    "id": "63dd0b9d334e07e8f2b969a464fd6979",
                    "passes": 1,
                    "fails": 0
                },
                "loginClick / testParam": {
                    "passes": 1,
                    "fails": 0,
                    "name": "loginClick / testParam",
                    "path": "::loginClick / testParam",
                    "id": "25689a50eb38cbc1f4a480a9353eed95"
                }
            }
    },
    "metrics": {
        "vus_max": {
            "value": 1,
            "min": 1,
            "max": 1
        },
        "browser_web_vital_ttfb": {
            "p(95)": 596.7749999761581,
            "avg": 276.0999999841054,
            "min": 21.40000009536743,
            "med": 253.30000019073486,
            "max": 695.4000000953674,
            "p(90)": 498.14999985694885
        },
        "browser_web_vital_fcp": {
            "avg": 1104,
            "min": 436,
            "med": 456,
            "max": 2740,
            "p(90)": 2221.6000000000004,
            "p(95)": 2480.7999999999997
        },
        "browser_http_req_duration": {
            "p(95)": 436.90825,
            "avg": 118.38860240963865,
            "min": 0.099,
            "med": 49.979,
            "max": 1136.639,
            "p(90)": 301.7835
        },
        "browser_data_received": {
            "count": 32570392,
            "rate": 1160474.9221911286
        },
        "data_received": {
            "rate": 0,
            "count": 0
        },
        "iterations": {
            "count": 1,
            "rate": 0.03562974993334832
        },
        "checks": {
            "fails": 0,
            "passes": 2,
            "value": 1
        },
        "browser_data_sent": {
            "count": 147021,
            "rate": 5238.321464950803
        },
        "browser_web_vital_lcp": {
            "max": 3476,
            "p(90)": 2663.2000000000003,
            "p(95)": 3069.5999999999995,
            "avg": 1517.6,
            "min": 436,
            "med": 1128
        },
        "browser_web_vital_inp": {
            "avg": 24,
            "min": 24,
            "med": 24,
            "max": 24,
            "p(90)": 24,
            "p(95)": 24
        },
        "data_sent": {
            "count": 0,
            "rate": 0
        },
        "browser_web_vital_cls": {
            "med": 0.07780757836500803,
            "max": 0.0898359917534722,
            "p(90)": 0.08743030907577937,
            "p(95)": 0.08863315041462579,
            "avg": 0.07780757836500803,
            "min": 0.06577916497654385
        },
        "browser_http_req_failed": {
            "passes": 1,
            "fails": 165,
            "value": 0.006024096385542169
        },
        "browser_web_vital_fid": {
            "med": 0.7000000476837158,
            "max": 0.8000001907348633,
            "p(90)": 0.8000001907348633,
            "p(95)": 0.8000001907348633,
            "avg": 0.6750000715255737,
            "min": 0.5
        },
        "vus": {
            "value": 1,
            "min": 1,
            "max": 1
        },
        "iteration_duration": {
            "avg": 27221.7459,
            "min": 27221.7459,
            "med": 27221.7459,
            "max": 27221.7459,
            "p(90)": 27221.7459,
            "p(95)": 27221.7459
        }
    }
}