{
    "root_group": {
        "name": "",
        "path": "",
        "id": "d41d8cd98f00b204e9800998ecf8427e",
        "groups": {},
        "checks": {
                "createCabformToDraft / loginFlow": {
                    "fails": 0,
                    "name": "createCabformToDraft / loginFlow",
                    "path": "::createCabformToDraft / loginFlow",
                    "id": "09c0f9f257b5d7d1eb25a1165f39a14e",
                    "passes": 1
                },
                "createCabformToDraft / createCabformToDraft": {
                    "fails": 0,
                    "name": "createCabformToDraft / createCabformToDraft",
                    "path": "::createCabformToDraft / createCabformToDraft",
                    "id": "4eef9d3c14b96c7cb9c419110502c415",
                    "passes": 1
                }
            }
    },
    "metrics": {
        "browser_web_vital_inp": {
            "med": 48,
            "max": 48,
            "p(90)": 48,
            "p(95)": 48,
            "avg": 48,
            "min": 48
        },
        "browser_web_vital_cls": {
            "med": 0.07720695410834419,
            "max": 0.0899445512559679,
            "p(90)": 0.08739703182644315,
            "p(95)": 0.08867079154120552,
            "avg": 0.07720695410834419,
            "min": 0.0644693569607205
        },
        "vus": {
            "value": 1,
            "min": 1,
            "max": 1
        },
        "iterations": {
            "count": 1,
            "rate": 0.022274196088902864
        },
        "iteration_duration": {
            "p(90)": 43869.7224,
            "p(95)": 43869.7224,
            "avg": 43869.7224,
            "min": 43869.7224,
            "med": 43869.7224,
            "max": 43869.7224
        },
        "browser_http_req_failed": {
            "passes": 2,
            "fails": 168,
            "value": 0.011764705882352941
        },
        "browser_web_vital_fcp": {
            "avg": 1262.4,
            "min": 412,
            "med": 1136,
            "max": 2664,
            "p(90)": 2171.2000000000003,
            "p(95)": 2417.6
        },
        "browser_web_vital_fid": {
            "min": 0.3999999761581421,
            "med": 0.6000000238418579,
            "max": 0.8000000715255737,
            "p(90)": 0.740000057220459,
            "p(95)": 0.7700000643730163,
            "avg": 0.6000000238418579
        },
        "browser_data_received": {
            "count": 32913322,
            "rate": 733117.7881652006
        },
        "browser_web_vital_lcp": {
            "min": 668,
            "med": 1312,
            "max": 3480,
            "p(90)": 2660.8,
            "p(95)": 3070.3999999999996,
            "avg": 1612
        },
        "browser_web_vital_ttfb": {
            "avg": 297.48333330949146,
            "min": 33.39999997615814,
            "med": 249.25,
            "max": 616.5999999046326,
            "p(90)": 553.5499999523163,
            "p(95)": 585.0749999284744
        },
        "data_received": {
            "count": 0,
            "rate": 0
        },
        "checks": {
            "passes": 2,
            "fails": 0,
            "value": 1
        },
        "data_sent": {
            "count": 0,
            "rate": 0
        },
        "browser_data_sent": {
            "count": 161563,
            "rate": 3598.6859427114136
        },
        "browser_http_req_duration": {
            "min": 0.093,
            "med": 55.576499999999996,
            "max": 882.971,
            "p(90)": 358.5849,
            "p(95)": 462.7570499999993,
            "avg": 123.1436941176469
        },
        "vus_max": {
            "max": 1,
            "value": 1,
            "min": 1
        }
    }
}